Link Text,URL
Team Roster,https://www.nba.com/bulls/roster
Stats,https://www.nba.com/stats/team/1610612741/traditional/
Team Leaders,https://www.nba.com/bulls/leaders
Staff Directory,https://www.nba.com/bulls/chicago-bulls-staff-directory
Careers,https://www.nba.com/bulls/careers
Click Tix,https://am.ticketmaster.com/bulls/?wt.mc_id=NBA_TEAM_CHI_AM_PAGE&_ga=2.52805288.1618705923.1655777842-2053900119.1655777842
Schedule,https://www.nba.com/bulls/schedule
Season Tickets,https://www.nba.com/bulls/tickets/seasons
Single Tickets,https://www.nba.com/bulls/tickets/single
Group Tickets,https://www.nba.com/bulls/tickets/groups
Family Ticket Packs,https://www.nba.com/bulls/tickets/family-ticket-packs
Student Pass,https://www.nba.com/bulls/tickets/student-pass
Splash Zone,https://www.nba.com/bulls/splashzone
Print Schedule,https://cdn.nba.com/teams/uploads/sites/1610612741/2025/08/Bulls_2526_Schedule.pdf
Windy City Bulls,https://windycity.gleague.nba.com/tickets/
Jerseys,https://shop.bulls.com/collections/jerseys
Hats,https://shop.bulls.com/collections/hats
Men's,https://shop.bulls.com/collections/mens-apparel
Women's,https://shop.bulls.com/collections/womens-apparel
Kids,https://shop.bulls.com/collections/youth-shirts
Madhouse Team Store,http://www.madhouseteamstore.com/
Scoreboard Messages,https://www.nba.com/bulls/community/fan-experiences
50/50 Raffle,https://bullsraffle.com/
Annual Report,https://chibullsdigital.com/docs/cr/Community_Impact_Report_24_25.pdf
Seating Charts,http://www.unitedcenter.com/venue/seating-charts/
Directions / Parking,https://www.nba.com/bulls/tickets/united-center-parking
Rideshare,http://www.unitedcenter.com/venue/rideshare/
Dining/Catering,http://www.unitedcenter.com/venue/dining/
Sam Smith,https://www.nba.com/bulls/sam-smith
Partner News,https://www.nba.com/bulls/partner-news
Injury Report,https://www.nba.com/bulls/
Game Notes,https://www.nba.com/bulls/game-notes
,https://www.facebook.com/chicagobulls
,https://twitter.com/chicagobulls
,https://www.instagram.com/chicagobulls/
,https://www.youtube.com/chicagobulls
,https://www.tiktok.com/@chicagobulls
Privacy Policy,https://www.nba.com/privacy-policy
Terms of Use,https://www.nba.com/termsofuse
Customer Support,https://support.watch.nba.com/hc/en-us
Accessibility and Closed Captions,https://www.nba.com/accessibility
Cookie Policy,https://www.nba.com/cookiepolicy
EEA/UK Privacy Statement,https://www.nba.com/eeaukprivacy
Brazil Privacy Statement,https://www.nba.com/brazilprivacy
California Consumer Privacy Statement,https://www.nba.com/caprivacy
Colorado Consumer Privacy Statement,https://www.nba.com/coprivacy
Accessibility page.,https://www.nba.com/accessibility
